file_name,classID,classname
a1.wav,0,a
a2.wav,0,a
a3.wav,0,a
a4.wav,0,a
a5.wav,0,a
a6.wav,0,a
a7.wav,0,a
a8.wav,0,a
a9.wav,0,a
a10.wav,0,a
a11.wav,0,a
a12.wav,0,a
a13.wav,0,a
a14.wav,0,a
a15.wav,0,a
a16.wav,0,a
a17.wav,0,a
a18.wav,0,a
a19.wav,0,a
a20.wav,0,a
a21.wav,0,a
a22.wav,0,a
a23.wav,0,a
a24.wav,0,a
a25.wav,0,a
a26.wav,0,a
a27.wav,0,a
a28.wav,0,a
a29.wav,0,a
a30.wav,0,a
a31.wav,0,a
a32.wav,0,a
a33.wav,0,a
a34.wav,0,a
a35.wav,0,a
a36.wav,0,a
a37.wav,0,a
a38.wav,0,a
a39.wav,0,a
a40.wav,0,a
a41.wav,0,a
a42.wav,0,a
a43.wav,0,a
a44.wav,0,a
a45.wav,0,a
a46.wav,0,a
a47.wav,0,a
a48.wav,0,a
a49.wav,0,a
a50.wav,0,a
a51.wav,0,a
a52.wav,0,a
a53.wav,0,a
a54.wav,0,a
a55.wav,0,a
a56.wav,0,a
a57.wav,0,a
a58.wav,0,a
a59.wav,0,a
a60.wav,0,a
a61.wav,0,a
a62.wav,0,a
a63.wav,0,a
a64.wav,0,a
a65.wav,0,a
a66.wav,0,a
a67.wav,0,a
a68.wav,0,a
a69.wav,0,a
a70.wav,0,a
a71.wav,0,a
a72.wav,0,a
a73.wav,0,a
a74.wav,0,a
a75.wav,0,a
a76.wav,0,a
a77.wav,0,a
a78.wav,0,a
a79.wav,0,a
a80.wav,0,a
a81.wav,0,a
a82.wav,0,a
a83.wav,0,a
a84.wav,0,a
a85.wav,0,a
a86.wav,0,a
a87.wav,0,a
a88.wav,0,a
a89.wav,0,a
a90.wav,0,a
a91.wav,0,a
a92.wav,0,a
a93.wav,0,a
a94.wav,0,a
a95.wav,0,a
a96.wav,0,a
a97.wav,0,a
a98.wav,0,a
a99.wav,0,a
a100.wav,0,a
a101.wav,0,a
a102.wav,0,a
a103.wav,0,a
a104.wav,0,a
a105.wav,0,a
a106.wav,0,a
a107.wav,0,a
a108.wav,0,a
a109.wav,0,a
a110.wav,0,a
a111.wav,0,a
a112.wav,0,a
a113.wav,0,a
a114.wav,0,a
a115.wav,0,a
a116.wav,0,a
a117.wav,0,a
a118.wav,0,a
a119.wav,0,a
a120.wav,0,a
a121.wav,0,a
a122.wav,0,a
a123.wav,0,a
a124.wav,0,a
a125.wav,0,a
a126.wav,0,a
a127.wav,0,a
a128.wav,0,a
a129.wav,0,a
a130.wav,0,a
a131.wav,0,a
a132.wav,0,a
a133.wav,0,a
a134.wav,0,a
a135.wav,0,a
a136.wav,0,a
a137.wav,0,a
a138.wav,0,a
a139.wav,0,a
a140.wav,0,a
a141.wav,0,a
a142.wav,0,a
a143.wav,0,a
a144.wav,0,a
a145.wav,0,a
a146.wav,0,a
a147.wav,0,a
a148.wav,0,a
a149.wav,0,a
a150.wav,0,a
a151.wav,0,a
a152.wav,0,a
a153.wav,0,a
a154.wav,0,a
a155.wav,0,a
a156.wav,0,a
a157.wav,0,a
a158.wav,0,a
a159.wav,0,a
a160.wav,0,a
a161.wav,0,a
a162.wav,0,a
a163.wav,0,a
a164.wav,0,a
a165.wav,0,a
a166.wav,0,a
a167.wav,0,a
a168.wav,0,a
a169.wav,0,a
a170.wav,0,a
a171.wav,0,a
a172.wav,0,a
a173.wav,0,a
a174.wav,0,a
a175.wav,0,a
a176.wav,0,a
a177.wav,0,a
a178.wav,0,a
a179.wav,0,a
a180.wav,0,a
a181.wav,0,a
a182.wav,0,a
a183.wav,0,a
a184.wav,0,a
a185.wav,0,a
a186.wav,0,a
a187.wav,0,a
a188.wav,0,a
a189.wav,0,a
a190.wav,0,a
a191.wav,0,a
a192.wav,0,a
a193.wav,0,a
a194.wav,0,a
a195.wav,0,a
a196.wav,0,a
a197.wav,0,a
a198.wav,0,a
a199.wav,0,a
a200.wav,0,a
am1.wav,1,am
am2.wav,1,am
am3.wav,1,am
am4.wav,1,am
am5.wav,1,am
am6.wav,1,am
am7.wav,1,am
am8.wav,1,am
am9.wav,1,am
am10.wav,1,am
am11.wav,1,am
am12.wav,1,am
am13.wav,1,am
am14.wav,1,am
am15.wav,1,am
am16.wav,1,am
am17.wav,1,am
am18.wav,1,am
am19.wav,1,am
am20.wav,1,am
am21.wav,1,am
am22.wav,1,am
am23.wav,1,am
am24.wav,1,am
am25.wav,1,am
am26.wav,1,am
am27.wav,1,am
am28.wav,1,am
am29.wav,1,am
am30.wav,1,am
am31.wav,1,am
am32.wav,1,am
am33.wav,1,am
am34.wav,1,am
am35.wav,1,am
am36.wav,1,am
am37.wav,1,am
am38.wav,1,am
am39.wav,1,am
am40.wav,1,am
am41.wav,1,am
am42.wav,1,am
am43.wav,1,am
am44.wav,1,am
am45.wav,1,am
am46.wav,1,am
am47.wav,1,am
am48.wav,1,am
am49.wav,1,am
am50.wav,1,am
am51.wav,1,am
am52.wav,1,am
am53.wav,1,am
am54.wav,1,am
am55.wav,1,am
am56.wav,1,am
am57.wav,1,am
am58.wav,1,am
am59.wav,1,am
am60.wav,1,am
am61.wav,1,am
am62.wav,1,am
am63.wav,1,am
am64.wav,1,am
am65.wav,1,am
am66.wav,1,am
am67.wav,1,am
am68.wav,1,am
am69.wav,1,am
am70.wav,1,am
am71.wav,1,am
am72.wav,1,am
am73.wav,1,am
am74.wav,1,am
am75.wav,1,am
am76.wav,1,am
am77.wav,1,am
am78.wav,1,am
am79.wav,1,am
am80.wav,1,am
am81.wav,1,am
am82.wav,1,am
am83.wav,1,am
am84.wav,1,am
am85.wav,1,am
am86.wav,1,am
am87.wav,1,am
am88.wav,1,am
am89.wav,1,am
am90.wav,1,am
am91.wav,1,am
am92.wav,1,am
am93.wav,1,am
am94.wav,1,am
am95.wav,1,am
am96.wav,1,am
am97.wav,1,am
am98.wav,1,am
am99.wav,1,am
am100.wav,1,am
am101.wav,1,am
am102.wav,1,am
am103.wav,1,am
am104.wav,1,am
am105.wav,1,am
am106.wav,1,am
am107.wav,1,am
am108.wav,1,am
am109.wav,1,am
am110.wav,1,am
am111.wav,1,am
am112.wav,1,am
am113.wav,1,am
am114.wav,1,am
am115.wav,1,am
am116.wav,1,am
am117.wav,1,am
am118.wav,1,am
am119.wav,1,am
am120.wav,1,am
am121.wav,1,am
am122.wav,1,am
am123.wav,1,am
am124.wav,1,am
am125.wav,1,am
am126.wav,1,am
am127.wav,1,am
am128.wav,1,am
am129.wav,1,am
am130.wav,1,am
am131.wav,1,am
am132.wav,1,am
am133.wav,1,am
am134.wav,1,am
am135.wav,1,am
am136.wav,1,am
am137.wav,1,am
am138.wav,1,am
am139.wav,1,am
am140.wav,1,am
am141.wav,1,am
am142.wav,1,am
am143.wav,1,am
am144.wav,1,am
am145.wav,1,am
am146.wav,1,am
am147.wav,1,am
am148.wav,1,am
am149.wav,1,am
am150.wav,1,am
am151.wav,1,am
am152.wav,1,am
am153.wav,1,am
am154.wav,1,am
am155.wav,1,am
am156.wav,1,am
am157.wav,1,am
am158.wav,1,am
am159.wav,1,am
am160.wav,1,am
am161.wav,1,am
am162.wav,1,am
am163.wav,1,am
am164.wav,1,am
am165.wav,1,am
am166.wav,1,am
am167.wav,1,am
am168.wav,1,am
am169.wav,1,am
am170.wav,1,am
am171.wav,1,am
am172.wav,1,am
am173.wav,1,am
am174.wav,1,am
am175.wav,1,am
am176.wav,1,am
am177.wav,1,am
am178.wav,1,am
am179.wav,1,am
am180.wav,1,am
am181.wav,1,am
am182.wav,1,am
am183.wav,1,am
am184.wav,1,am
am185.wav,1,am
am186.wav,1,am
am187.wav,1,am
am188.wav,1,am
am189.wav,1,am
am190.wav,1,am
am191.wav,1,am
am192.wav,1,am
am193.wav,1,am
am194.wav,1,am
am195.wav,1,am
am196.wav,1,am
am197.wav,1,am
am198.wav,1,am
am199.wav,1,am
am200.wav,1,am
bm1.wav,2,bm
bm2.wav,2,bm
bm3.wav,2,bm
bm4.wav,2,bm
bm5.wav,2,bm
bm6.wav,2,bm
bm7.wav,2,bm
bm8.wav,2,bm
bm9.wav,2,bm
bm10.wav,2,bm
bm11.wav,2,bm
bm12.wav,2,bm
bm13.wav,2,bm
bm14.wav,2,bm
bm15.wav,2,bm
bm16.wav,2,bm
bm17.wav,2,bm
bm18.wav,2,bm
bm19.wav,2,bm
bm20.wav,2,bm
bm21.wav,2,bm
bm22.wav,2,bm
bm23.wav,2,bm
bm24.wav,2,bm
bm25.wav,2,bm
bm26.wav,2,bm
bm27.wav,2,bm
bm28.wav,2,bm
bm29.wav,2,bm
bm30.wav,2,bm
bm31.wav,2,bm
bm32.wav,2,bm
bm33.wav,2,bm
bm34.wav,2,bm
bm35.wav,2,bm
bm36.wav,2,bm
bm37.wav,2,bm
bm38.wav,2,bm
bm39.wav,2,bm
bm40.wav,2,bm
bm41.wav,2,bm
bm42.wav,2,bm
bm43.wav,2,bm
bm44.wav,2,bm
bm45.wav,2,bm
bm46.wav,2,bm
bm47.wav,2,bm
bm48.wav,2,bm
bm49.wav,2,bm
bm50.wav,2,bm
bm51.wav,2,bm
bm52.wav,2,bm
bm53.wav,2,bm
bm54.wav,2,bm
bm55.wav,2,bm
bm56.wav,2,bm
bm57.wav,2,bm
bm58.wav,2,bm
bm59.wav,2,bm
bm60.wav,2,bm
bm61.wav,2,bm
bm62.wav,2,bm
bm63.wav,2,bm
bm64.wav,2,bm
bm65.wav,2,bm
bm66.wav,2,bm
bm67.wav,2,bm
bm68.wav,2,bm
bm69.wav,2,bm
bm70.wav,2,bm
bm71.wav,2,bm
bm72.wav,2,bm
bm73.wav,2,bm
bm74.wav,2,bm
bm75.wav,2,bm
bm76.wav,2,bm
bm77.wav,2,bm
bm78.wav,2,bm
bm79.wav,2,bm
bm80.wav,2,bm
bm81.wav,2,bm
bm82.wav,2,bm
bm83.wav,2,bm
bm84.wav,2,bm
bm85.wav,2,bm
bm86.wav,2,bm
bm87.wav,2,bm
bm88.wav,2,bm
bm89.wav,2,bm
bm90.wav,2,bm
bm91.wav,2,bm
bm92.wav,2,bm
bm93.wav,2,bm
bm94.wav,2,bm
bm95.wav,2,bm
bm96.wav,2,bm
bm97.wav,2,bm
bm98.wav,2,bm
bm99.wav,2,bm
bm100.wav,2,bm
bm101.wav,2,bm
bm102.wav,2,bm
bm103.wav,2,bm
bm104.wav,2,bm
bm105.wav,2,bm
bm106.wav,2,bm
bm107.wav,2,bm
bm108.wav,2,bm
bm109.wav,2,bm
bm110.wav,2,bm
bm111.wav,2,bm
bm112.wav,2,bm
bm113.wav,2,bm
bm114.wav,2,bm
bm115.wav,2,bm
bm116.wav,2,bm
bm117.wav,2,bm
bm118.wav,2,bm
bm119.wav,2,bm
bm120.wav,2,bm
bm121.wav,2,bm
bm122.wav,2,bm
bm123.wav,2,bm
bm124.wav,2,bm
bm125.wav,2,bm
bm126.wav,2,bm
bm127.wav,2,bm
bm128.wav,2,bm
bm129.wav,2,bm
bm130.wav,2,bm
bm131.wav,2,bm
bm132.wav,2,bm
bm133.wav,2,bm
bm134.wav,2,bm
bm135.wav,2,bm
bm136.wav,2,bm
bm137.wav,2,bm
bm138.wav,2,bm
bm139.wav,2,bm
bm140.wav,2,bm
bm141.wav,2,bm
bm142.wav,2,bm
bm143.wav,2,bm
bm144.wav,2,bm
bm145.wav,2,bm
bm146.wav,2,bm
bm147.wav,2,bm
bm148.wav,2,bm
bm149.wav,2,bm
bm150.wav,2,bm
bm151.wav,2,bm
bm152.wav,2,bm
bm153.wav,2,bm
bm154.wav,2,bm
bm155.wav,2,bm
bm156.wav,2,bm
bm157.wav,2,bm
bm158.wav,2,bm
bm159.wav,2,bm
bm160.wav,2,bm
bm161.wav,2,bm
bm162.wav,2,bm
bm163.wav,2,bm
bm164.wav,2,bm
bm165.wav,2,bm
bm166.wav,2,bm
bm167.wav,2,bm
bm168.wav,2,bm
bm169.wav,2,bm
bm170.wav,2,bm
bm171.wav,2,bm
bm172.wav,2,bm
bm173.wav,2,bm
bm174.wav,2,bm
bm175.wav,2,bm
bm176.wav,2,bm
bm177.wav,2,bm
bm178.wav,2,bm
bm179.wav,2,bm
bm180.wav,2,bm
bm181.wav,2,bm
bm182.wav,2,bm
bm183.wav,2,bm
bm184.wav,2,bm
bm185.wav,2,bm
bm186.wav,2,bm
bm187.wav,2,bm
bm188.wav,2,bm
bm189.wav,2,bm
bm190.wav,2,bm
bm191.wav,2,bm
bm192.wav,2,bm
bm193.wav,2,bm
bm194.wav,2,bm
bm195.wav,2,bm
bm196.wav,2,bm
bm197.wav,2,bm
bm198.wav,2,bm
bm199.wav,2,bm
bm200.wav,2,bm
c1.wav,3,c
c2.wav,3,c
c3.wav,3,c
c4.wav,3,c
c5.wav,3,c
c6.wav,3,c
c7.wav,3,c
c8.wav,3,c
c9.wav,3,c
c10.wav,3,c
c11.wav,3,c
c12.wav,3,c
c13.wav,3,c
c14.wav,3,c
c15.wav,3,c
c16.wav,3,c
c17.wav,3,c
c18.wav,3,c
c19.wav,3,c
c20.wav,3,c
c21.wav,3,c
c22.wav,3,c
c23.wav,3,c
c24.wav,3,c
c25.wav,3,c
c26.wav,3,c
c27.wav,3,c
c28.wav,3,c
c29.wav,3,c
c30.wav,3,c
c31.wav,3,c
c32.wav,3,c
c33.wav,3,c
c34.wav,3,c
c35.wav,3,c
c36.wav,3,c
c37.wav,3,c
c38.wav,3,c
c39.wav,3,c
c40.wav,3,c
c41.wav,3,c
c42.wav,3,c
c43.wav,3,c
c44.wav,3,c
c45.wav,3,c
c46.wav,3,c
c47.wav,3,c
c48.wav,3,c
c49.wav,3,c
c50.wav,3,c
c51.wav,3,c
c52.wav,3,c
c53.wav,3,c
c54.wav,3,c
c55.wav,3,c
c56.wav,3,c
c57.wav,3,c
c58.wav,3,c
c59.wav,3,c
c60.wav,3,c
c61.wav,3,c
c62.wav,3,c
c63.wav,3,c
c64.wav,3,c
c65.wav,3,c
c66.wav,3,c
c67.wav,3,c
c68.wav,3,c
c69.wav,3,c
c70.wav,3,c
c71.wav,3,c
c72.wav,3,c
c73.wav,3,c
c74.wav,3,c
c75.wav,3,c
c76.wav,3,c
c77.wav,3,c
c78.wav,3,c
c79.wav,3,c
c80.wav,3,c
c81.wav,3,c
c82.wav,3,c
c83.wav,3,c
c84.wav,3,c
c85.wav,3,c
c86.wav,3,c
c87.wav,3,c
c88.wav,3,c
c89.wav,3,c
c90.wav,3,c
c91.wav,3,c
c92.wav,3,c
c93.wav,3,c
c94.wav,3,c
c95.wav,3,c
c96.wav,3,c
c97.wav,3,c
c98.wav,3,c
c99.wav,3,c
c100.wav,3,c
c101.wav,3,c
c102.wav,3,c
c103.wav,3,c
c104.wav,3,c
c105.wav,3,c
c106.wav,3,c
c107.wav,3,c
c108.wav,3,c
c109.wav,3,c
c110.wav,3,c
c111.wav,3,c
c112.wav,3,c
c113.wav,3,c
c114.wav,3,c
c115.wav,3,c
c116.wav,3,c
c117.wav,3,c
c118.wav,3,c
c119.wav,3,c
c120.wav,3,c
c121.wav,3,c
c122.wav,3,c
c123.wav,3,c
c124.wav,3,c
c125.wav,3,c
c126.wav,3,c
c127.wav,3,c
c128.wav,3,c
c129.wav,3,c
c130.wav,3,c
c131.wav,3,c
c132.wav,3,c
c133.wav,3,c
c134.wav,3,c
c135.wav,3,c
c136.wav,3,c
c137.wav,3,c
c138.wav,3,c
c139.wav,3,c
c140.wav,3,c
c141.wav,3,c
c142.wav,3,c
c143.wav,3,c
c144.wav,3,c
c145.wav,3,c
c146.wav,3,c
c147.wav,3,c
c148.wav,3,c
c149.wav,3,c
c150.wav,3,c
c151.wav,3,c
c152.wav,3,c
c153.wav,3,c
c154.wav,3,c
c155.wav,3,c
c156.wav,3,c
c157.wav,3,c
c158.wav,3,c
c159.wav,3,c
c160.wav,3,c
c161.wav,3,c
c162.wav,3,c
c163.wav,3,c
c164.wav,3,c
c165.wav,3,c
c166.wav,3,c
c167.wav,3,c
c168.wav,3,c
c169.wav,3,c
c170.wav,3,c
c171.wav,3,c
c172.wav,3,c
c173.wav,3,c
c174.wav,3,c
c175.wav,3,c
c176.wav,3,c
c177.wav,3,c
c178.wav,3,c
c179.wav,3,c
c180.wav,3,c
c181.wav,3,c
c182.wav,3,c
c183.wav,3,c
c184.wav,3,c
c185.wav,3,c
c186.wav,3,c
c187.wav,3,c
c188.wav,3,c
c189.wav,3,c
c190.wav,3,c
c191.wav,3,c
c192.wav,3,c
c193.wav,3,c
c194.wav,3,c
c195.wav,3,c
c196.wav,3,c
c197.wav,3,c
c198.wav,3,c
c199.wav,3,c
c200.wav,3,c
d1.wav,4,d
d2.wav,4,d
d3.wav,4,d
d4.wav,4,d
d5.wav,4,d
d6.wav,4,d
d7.wav,4,d
d8.wav,4,d
d9.wav,4,d
d10.wav,4,d
d11.wav,4,d
d12.wav,4,d
d13.wav,4,d
d14.wav,4,d
d15.wav,4,d
d16.wav,4,d
d17.wav,4,d
d18.wav,4,d
d19.wav,4,d
d20.wav,4,d
d21.wav,4,d
d22.wav,4,d
d23.wav,4,d
d24.wav,4,d
d25.wav,4,d
d26.wav,4,d
d27.wav,4,d
d28.wav,4,d
d29.wav,4,d
d30.wav,4,d
d31.wav,4,d
d32.wav,4,d
d33.wav,4,d
d34.wav,4,d
d35.wav,4,d
d36.wav,4,d
d37.wav,4,d
d38.wav,4,d
d39.wav,4,d
d40.wav,4,d
d41.wav,4,d
d42.wav,4,d
d43.wav,4,d
d44.wav,4,d
d45.wav,4,d
d46.wav,4,d
d47.wav,4,d
d48.wav,4,d
d49.wav,4,d
d50.wav,4,d
d51.wav,4,d
d52.wav,4,d
d53.wav,4,d
d54.wav,4,d
d55.wav,4,d
d56.wav,4,d
d57.wav,4,d
d58.wav,4,d
d59.wav,4,d
d60.wav,4,d
d61.wav,4,d
d62.wav,4,d
d63.wav,4,d
d64.wav,4,d
d65.wav,4,d
d66.wav,4,d
d67.wav,4,d
d68.wav,4,d
d69.wav,4,d
d70.wav,4,d
d71.wav,4,d
d72.wav,4,d
d73.wav,4,d
d74.wav,4,d
d75.wav,4,d
d76.wav,4,d
d77.wav,4,d
d78.wav,4,d
d79.wav,4,d
d80.wav,4,d
d81.wav,4,d
d82.wav,4,d
d83.wav,4,d
d84.wav,4,d
d85.wav,4,d
d86.wav,4,d
d87.wav,4,d
d88.wav,4,d
d89.wav,4,d
d90.wav,4,d
d91.wav,4,d
d92.wav,4,d
d93.wav,4,d
d94.wav,4,d
d95.wav,4,d
d96.wav,4,d
d97.wav,4,d
d98.wav,4,d
d99.wav,4,d
d100.wav,4,d
d101.wav,4,d
d102.wav,4,d
d103.wav,4,d
d104.wav,4,d
d105.wav,4,d
d106.wav,4,d
d107.wav,4,d
d108.wav,4,d
d109.wav,4,d
d110.wav,4,d
d111.wav,4,d
d112.wav,4,d
d113.wav,4,d
d114.wav,4,d
d115.wav,4,d
d116.wav,4,d
d117.wav,4,d
d118.wav,4,d
d119.wav,4,d
d120.wav,4,d
d121.wav,4,d
d122.wav,4,d
d123.wav,4,d
d124.wav,4,d
d125.wav,4,d
d126.wav,4,d
d127.wav,4,d
d128.wav,4,d
d129.wav,4,d
d130.wav,4,d
d131.wav,4,d
d132.wav,4,d
d133.wav,4,d
d134.wav,4,d
d135.wav,4,d
d136.wav,4,d
d137.wav,4,d
d138.wav,4,d
d139.wav,4,d
d140.wav,4,d
d141.wav,4,d
d142.wav,4,d
d143.wav,4,d
d144.wav,4,d
d145.wav,4,d
d146.wav,4,d
d147.wav,4,d
d148.wav,4,d
d149.wav,4,d
d150.wav,4,d
d151.wav,4,d
d152.wav,4,d
d153.wav,4,d
d154.wav,4,d
d155.wav,4,d
d156.wav,4,d
d157.wav,4,d
d158.wav,4,d
d159.wav,4,d
d160.wav,4,d
d161.wav,4,d
d162.wav,4,d
d163.wav,4,d
d164.wav,4,d
d165.wav,4,d
d166.wav,4,d
d167.wav,4,d
d168.wav,4,d
d169.wav,4,d
d170.wav,4,d
d171.wav,4,d
d172.wav,4,d
d173.wav,4,d
d174.wav,4,d
d175.wav,4,d
d176.wav,4,d
d177.wav,4,d
d178.wav,4,d
d179.wav,4,d
d180.wav,4,d
d181.wav,4,d
d182.wav,4,d
d183.wav,4,d
d184.wav,4,d
d185.wav,4,d
d186.wav,4,d
d187.wav,4,d
d188.wav,4,d
d189.wav,4,d
d190.wav,4,d
d191.wav,4,d
d192.wav,4,d
d193.wav,4,d
d194.wav,4,d
d195.wav,4,d
d196.wav,4,d
d197.wav,4,d
d198.wav,4,d
d199.wav,4,d
d200.wav,4,d
dm1.wav,5,dm
dm2.wav,5,dm
dm3.wav,5,dm
dm4.wav,5,dm
dm5.wav,5,dm
dm6.wav,5,dm
dm7.wav,5,dm
dm8.wav,5,dm
dm9.wav,5,dm
dm10.wav,5,dm
dm11.wav,5,dm
dm12.wav,5,dm
dm13.wav,5,dm
dm14.wav,5,dm
dm15.wav,5,dm
dm16.wav,5,dm
dm17.wav,5,dm
dm18.wav,5,dm
dm19.wav,5,dm
dm20.wav,5,dm
dm21.wav,5,dm
dm22.wav,5,dm
dm23.wav,5,dm
dm24.wav,5,dm
dm25.wav,5,dm
dm26.wav,5,dm
dm27.wav,5,dm
dm28.wav,5,dm
dm29.wav,5,dm
dm30.wav,5,dm
dm31.wav,5,dm
dm32.wav,5,dm
dm33.wav,5,dm
dm34.wav,5,dm
dm35.wav,5,dm
dm36.wav,5,dm
dm37.wav,5,dm
dm38.wav,5,dm
dm39.wav,5,dm
dm40.wav,5,dm
dm41.wav,5,dm
dm42.wav,5,dm
dm43.wav,5,dm
dm44.wav,5,dm
dm45.wav,5,dm
dm46.wav,5,dm
dm47.wav,5,dm
dm48.wav,5,dm
dm49.wav,5,dm
dm50.wav,5,dm
dm51.wav,5,dm
dm52.wav,5,dm
dm53.wav,5,dm
dm54.wav,5,dm
dm55.wav,5,dm
dm56.wav,5,dm
dm57.wav,5,dm
dm58.wav,5,dm
dm59.wav,5,dm
dm60.wav,5,dm
dm61.wav,5,dm
dm62.wav,5,dm
dm63.wav,5,dm
dm64.wav,5,dm
dm65.wav,5,dm
dm66.wav,5,dm
dm67.wav,5,dm
dm68.wav,5,dm
dm69.wav,5,dm
dm70.wav,5,dm
dm71.wav,5,dm
dm72.wav,5,dm
dm73.wav,5,dm
dm74.wav,5,dm
dm75.wav,5,dm
dm76.wav,5,dm
dm77.wav,5,dm
dm78.wav,5,dm
dm79.wav,5,dm
dm80.wav,5,dm
dm81.wav,5,dm
dm82.wav,5,dm
dm83.wav,5,dm
dm84.wav,5,dm
dm85.wav,5,dm
dm86.wav,5,dm
dm87.wav,5,dm
dm88.wav,5,dm
dm89.wav,5,dm
dm90.wav,5,dm
dm91.wav,5,dm
dm92.wav,5,dm
dm93.wav,5,dm
dm94.wav,5,dm
dm95.wav,5,dm
dm96.wav,5,dm
dm97.wav,5,dm
dm98.wav,5,dm
dm99.wav,5,dm
dm100.wav,5,dm
dm101.wav,5,dm
dm102.wav,5,dm
dm103.wav,5,dm
dm104.wav,5,dm
dm105.wav,5,dm
dm106.wav,5,dm
dm107.wav,5,dm
dm108.wav,5,dm
dm109.wav,5,dm
dm110.wav,5,dm
dm111.wav,5,dm
dm112.wav,5,dm
dm113.wav,5,dm
dm114.wav,5,dm
dm115.wav,5,dm
dm116.wav,5,dm
dm117.wav,5,dm
dm118.wav,5,dm
dm119.wav,5,dm
dm120.wav,5,dm
dm121.wav,5,dm
dm122.wav,5,dm
dm123.wav,5,dm
dm124.wav,5,dm
dm125.wav,5,dm
dm126.wav,5,dm
dm127.wav,5,dm
dm128.wav,5,dm
dm129.wav,5,dm
dm130.wav,5,dm
dm131.wav,5,dm
dm132.wav,5,dm
dm133.wav,5,dm
dm134.wav,5,dm
dm135.wav,5,dm
dm136.wav,5,dm
dm137.wav,5,dm
dm138.wav,5,dm
dm139.wav,5,dm
dm140.wav,5,dm
dm141.wav,5,dm
dm142.wav,5,dm
dm143.wav,5,dm
dm144.wav,5,dm
dm145.wav,5,dm
dm146.wav,5,dm
dm147.wav,5,dm
dm148.wav,5,dm
dm149.wav,5,dm
dm150.wav,5,dm
dm151.wav,5,dm
dm152.wav,5,dm
dm153.wav,5,dm
dm154.wav,5,dm
dm155.wav,5,dm
dm156.wav,5,dm
dm157.wav,5,dm
dm158.wav,5,dm
dm159.wav,5,dm
dm160.wav,5,dm
dm161.wav,5,dm
dm162.wav,5,dm
dm163.wav,5,dm
dm164.wav,5,dm
dm165.wav,5,dm
dm166.wav,5,dm
dm167.wav,5,dm
dm168.wav,5,dm
dm169.wav,5,dm
dm170.wav,5,dm
dm171.wav,5,dm
dm172.wav,5,dm
dm173.wav,5,dm
dm174.wav,5,dm
dm175.wav,5,dm
dm176.wav,5,dm
dm177.wav,5,dm
dm178.wav,5,dm
dm179.wav,5,dm
dm180.wav,5,dm
dm181.wav,5,dm
dm182.wav,5,dm
dm183.wav,5,dm
dm184.wav,5,dm
dm185.wav,5,dm
dm186.wav,5,dm
dm187.wav,5,dm
dm188.wav,5,dm
dm189.wav,5,dm
dm190.wav,5,dm
dm191.wav,5,dm
dm192.wav,5,dm
dm193.wav,5,dm
dm194.wav,5,dm
dm195.wav,5,dm
dm196.wav,5,dm
dm197.wav,5,dm
dm198.wav,5,dm
dm199.wav,5,dm
dm200.wav,5,dm
e1.wav,6,e
e2.wav,6,e
e3.wav,6,e
e4.wav,6,e
e5.wav,6,e
e6.wav,6,e
e7.wav,6,e
e8.wav,6,e
e9.wav,6,e
e10.wav,6,e
e11.wav,6,e
e12.wav,6,e
e13.wav,6,e
e14.wav,6,e
e15.wav,6,e
e16.wav,6,e
e17.wav,6,e
e18.wav,6,e
e19.wav,6,e
e20.wav,6,e
e21.wav,6,e
e22.wav,6,e
e23.wav,6,e
e24.wav,6,e
e25.wav,6,e
e26.wav,6,e
e27.wav,6,e
e28.wav,6,e
e29.wav,6,e
e30.wav,6,e
e31.wav,6,e
e32.wav,6,e
e33.wav,6,e
e34.wav,6,e
e35.wav,6,e
e36.wav,6,e
e37.wav,6,e
e38.wav,6,e
e39.wav,6,e
e40.wav,6,e
e41.wav,6,e
e42.wav,6,e
e43.wav,6,e
e44.wav,6,e
e45.wav,6,e
e46.wav,6,e
e47.wav,6,e
e48.wav,6,e
e49.wav,6,e
e50.wav,6,e
e51.wav,6,e
e52.wav,6,e
e53.wav,6,e
e54.wav,6,e
e55.wav,6,e
e56.wav,6,e
e57.wav,6,e
e58.wav,6,e
e59.wav,6,e
e60.wav,6,e
e61.wav,6,e
e62.wav,6,e
e63.wav,6,e
e64.wav,6,e
e65.wav,6,e
e66.wav,6,e
e67.wav,6,e
e68.wav,6,e
e69.wav,6,e
e70.wav,6,e
e71.wav,6,e
e72.wav,6,e
e73.wav,6,e
e74.wav,6,e
e75.wav,6,e
e76.wav,6,e
e77.wav,6,e
e78.wav,6,e
e79.wav,6,e
e80.wav,6,e
e81.wav,6,e
e82.wav,6,e
e83.wav,6,e
e84.wav,6,e
e85.wav,6,e
e86.wav,6,e
e87.wav,6,e
e88.wav,6,e
e89.wav,6,e
e90.wav,6,e
e91.wav,6,e
e92.wav,6,e
e93.wav,6,e
e94.wav,6,e
e95.wav,6,e
e96.wav,6,e
e97.wav,6,e
e98.wav,6,e
e99.wav,6,e
e100.wav,6,e
e101.wav,6,e
e102.wav,6,e
e103.wav,6,e
e104.wav,6,e
e105.wav,6,e
e106.wav,6,e
e107.wav,6,e
e108.wav,6,e
e109.wav,6,e
e110.wav,6,e
e111.wav,6,e
e112.wav,6,e
e113.wav,6,e
e114.wav,6,e
e115.wav,6,e
e116.wav,6,e
e117.wav,6,e
e118.wav,6,e
e119.wav,6,e
e120.wav,6,e
e121.wav,6,e
e122.wav,6,e
e123.wav,6,e
e124.wav,6,e
e125.wav,6,e
e126.wav,6,e
e127.wav,6,e
e128.wav,6,e
e129.wav,6,e
e130.wav,6,e
e131.wav,6,e
e132.wav,6,e
e133.wav,6,e
e134.wav,6,e
e135.wav,6,e
e136.wav,6,e
e137.wav,6,e
e138.wav,6,e
e139.wav,6,e
e140.wav,6,e
e141.wav,6,e
e142.wav,6,e
e143.wav,6,e
e144.wav,6,e
e145.wav,6,e
e146.wav,6,e
e147.wav,6,e
e148.wav,6,e
e149.wav,6,e
e150.wav,6,e
e151.wav,6,e
e152.wav,6,e
e153.wav,6,e
e154.wav,6,e
e155.wav,6,e
e156.wav,6,e
e157.wav,6,e
e158.wav,6,e
e159.wav,6,e
e160.wav,6,e
e161.wav,6,e
e162.wav,6,e
e163.wav,6,e
e164.wav,6,e
e165.wav,6,e
e166.wav,6,e
e167.wav,6,e
e168.wav,6,e
e169.wav,6,e
e170.wav,6,e
e171.wav,6,e
e172.wav,6,e
e173.wav,6,e
e174.wav,6,e
e175.wav,6,e
e176.wav,6,e
e177.wav,6,e
e178.wav,6,e
e179.wav,6,e
e180.wav,6,e
e181.wav,6,e
e182.wav,6,e
e183.wav,6,e
e184.wav,6,e
e185.wav,6,e
e186.wav,6,e
e187.wav,6,e
e188.wav,6,e
e189.wav,6,e
e190.wav,6,e
e191.wav,6,e
e192.wav,6,e
e193.wav,6,e
e194.wav,6,e
e195.wav,6,e
e196.wav,6,e
e197.wav,6,e
e198.wav,6,e
e199.wav,6,e
e200.wav,6,e
em1.wav,7,em
em2.wav,7,em
em3.wav,7,em
em4.wav,7,em
em5.wav,7,em
em6.wav,7,em
em7.wav,7,em
em8.wav,7,em
em9.wav,7,em
em10.wav,7,em
em11.wav,7,em
em12.wav,7,em
em13.wav,7,em
em14.wav,7,em
em15.wav,7,em
em16.wav,7,em
em17.wav,7,em
em18.wav,7,em
em19.wav,7,em
em20.wav,7,em
em21.wav,7,em
em22.wav,7,em
em23.wav,7,em
em24.wav,7,em
em25.wav,7,em
em26.wav,7,em
em27.wav,7,em
em28.wav,7,em
em29.wav,7,em
em30.wav,7,em
em31.wav,7,em
em32.wav,7,em
em33.wav,7,em
em34.wav,7,em
em35.wav,7,em
em36.wav,7,em
em37.wav,7,em
em38.wav,7,em
em39.wav,7,em
em40.wav,7,em
em41.wav,7,em
em42.wav,7,em
em43.wav,7,em
em44.wav,7,em
em45.wav,7,em
em46.wav,7,em
em47.wav,7,em
em48.wav,7,em
em49.wav,7,em
em50.wav,7,em
em51.wav,7,em
em52.wav,7,em
em53.wav,7,em
em54.wav,7,em
em55.wav,7,em
em56.wav,7,em
em57.wav,7,em
em58.wav,7,em
em59.wav,7,em
em60.wav,7,em
em61.wav,7,em
em62.wav,7,em
em63.wav,7,em
em64.wav,7,em
em65.wav,7,em
em66.wav,7,em
em67.wav,7,em
em68.wav,7,em
em69.wav,7,em
em70.wav,7,em
em71.wav,7,em
em72.wav,7,em
em73.wav,7,em
em74.wav,7,em
em75.wav,7,em
em76.wav,7,em
em77.wav,7,em
em78.wav,7,em
em79.wav,7,em
em80.wav,7,em
em81.wav,7,em
em82.wav,7,em
em83.wav,7,em
em84.wav,7,em
em85.wav,7,em
em86.wav,7,em
em87.wav,7,em
em88.wav,7,em
em89.wav,7,em
em90.wav,7,em
em91.wav,7,em
em92.wav,7,em
em93.wav,7,em
em94.wav,7,em
em95.wav,7,em
em96.wav,7,em
em97.wav,7,em
em98.wav,7,em
em99.wav,7,em
em100.wav,7,em
em101.wav,7,em
em102.wav,7,em
em103.wav,7,em
em104.wav,7,em
em105.wav,7,em
em106.wav,7,em
em107.wav,7,em
em108.wav,7,em
em109.wav,7,em
em110.wav,7,em
em111.wav,7,em
em112.wav,7,em
em113.wav,7,em
em114.wav,7,em
em115.wav,7,em
em116.wav,7,em
em117.wav,7,em
em118.wav,7,em
em119.wav,7,em
em120.wav,7,em
em121.wav,7,em
em122.wav,7,em
em123.wav,7,em
em124.wav,7,em
em125.wav,7,em
em126.wav,7,em
em127.wav,7,em
em128.wav,7,em
em129.wav,7,em
em130.wav,7,em
em131.wav,7,em
em132.wav,7,em
em133.wav,7,em
em134.wav,7,em
em135.wav,7,em
em136.wav,7,em
em137.wav,7,em
em138.wav,7,em
em139.wav,7,em
em140.wav,7,em
em141.wav,7,em
em142.wav,7,em
em143.wav,7,em
em144.wav,7,em
em145.wav,7,em
em146.wav,7,em
em147.wav,7,em
em148.wav,7,em
em149.wav,7,em
em150.wav,7,em
em151.wav,7,em
em152.wav,7,em
em153.wav,7,em
em154.wav,7,em
em155.wav,7,em
em156.wav,7,em
em157.wav,7,em
em158.wav,7,em
em159.wav,7,em
em160.wav,7,em
em161.wav,7,em
em162.wav,7,em
em163.wav,7,em
em164.wav,7,em
em165.wav,7,em
em166.wav,7,em
em167.wav,7,em
em168.wav,7,em
em169.wav,7,em
em170.wav,7,em
em171.wav,7,em
em172.wav,7,em
em173.wav,7,em
em174.wav,7,em
em175.wav,7,em
em176.wav,7,em
em177.wav,7,em
em178.wav,7,em
em179.wav,7,em
em180.wav,7,em
em181.wav,7,em
em182.wav,7,em
em183.wav,7,em
em184.wav,7,em
em185.wav,7,em
em186.wav,7,em
em187.wav,7,em
em188.wav,7,em
em189.wav,7,em
em190.wav,7,em
em191.wav,7,em
em192.wav,7,em
em193.wav,7,em
em194.wav,7,em
em195.wav,7,em
em196.wav,7,em
em197.wav,7,em
em198.wav,7,em
em199.wav,7,em
em200.wav,7,em
f1.wav,8,f
f2.wav,8,f
f3.wav,8,f
f4.wav,8,f
f5.wav,8,f
f6.wav,8,f
f7.wav,8,f
f8.wav,8,f
f9.wav,8,f
f10.wav,8,f
f11.wav,8,f
f12.wav,8,f
f13.wav,8,f
f14.wav,8,f
f15.wav,8,f
f16.wav,8,f
f17.wav,8,f
f18.wav,8,f
f19.wav,8,f
f20.wav,8,f
f21.wav,8,f
f22.wav,8,f
f23.wav,8,f
f24.wav,8,f
f25.wav,8,f
f26.wav,8,f
f27.wav,8,f
f28.wav,8,f
f29.wav,8,f
f30.wav,8,f
f31.wav,8,f
f32.wav,8,f
f33.wav,8,f
f34.wav,8,f
f35.wav,8,f
f36.wav,8,f
f37.wav,8,f
f38.wav,8,f
f39.wav,8,f
f40.wav,8,f
f41.wav,8,f
f42.wav,8,f
f43.wav,8,f
f44.wav,8,f
f45.wav,8,f
f46.wav,8,f
f47.wav,8,f
f48.wav,8,f
f49.wav,8,f
f50.wav,8,f
f51.wav,8,f
f52.wav,8,f
f53.wav,8,f
f54.wav,8,f
f55.wav,8,f
f56.wav,8,f
f57.wav,8,f
f58.wav,8,f
f59.wav,8,f
f60.wav,8,f
f61.wav,8,f
f62.wav,8,f
f63.wav,8,f
f64.wav,8,f
f65.wav,8,f
f66.wav,8,f
f67.wav,8,f
f68.wav,8,f
f69.wav,8,f
f70.wav,8,f
f71.wav,8,f
f72.wav,8,f
f73.wav,8,f
f74.wav,8,f
f75.wav,8,f
f76.wav,8,f
f77.wav,8,f
f78.wav,8,f
f79.wav,8,f
f80.wav,8,f
f81.wav,8,f
f82.wav,8,f
f83.wav,8,f
f84.wav,8,f
f85.wav,8,f
f86.wav,8,f
f87.wav,8,f
f88.wav,8,f
f89.wav,8,f
f90.wav,8,f
f91.wav,8,f
f92.wav,8,f
f93.wav,8,f
f94.wav,8,f
f95.wav,8,f
f96.wav,8,f
f97.wav,8,f
f98.wav,8,f
f99.wav,8,f
f100.wav,8,f
f101.wav,8,f
f102.wav,8,f
f103.wav,8,f
f104.wav,8,f
f105.wav,8,f
f106.wav,8,f
f107.wav,8,f
f108.wav,8,f
f109.wav,8,f
f110.wav,8,f
f111.wav,8,f
f112.wav,8,f
f113.wav,8,f
f114.wav,8,f
f115.wav,8,f
f116.wav,8,f
f117.wav,8,f
f118.wav,8,f
f119.wav,8,f
f120.wav,8,f
f121.wav,8,f
f122.wav,8,f
f123.wav,8,f
f124.wav,8,f
f125.wav,8,f
f126.wav,8,f
f127.wav,8,f
f128.wav,8,f
f129.wav,8,f
f130.wav,8,f
f131.wav,8,f
f132.wav,8,f
f133.wav,8,f
f134.wav,8,f
f135.wav,8,f
f136.wav,8,f
f137.wav,8,f
f138.wav,8,f
f139.wav,8,f
f140.wav,8,f
f141.wav,8,f
f142.wav,8,f
f143.wav,8,f
f144.wav,8,f
f145.wav,8,f
f146.wav,8,f
f147.wav,8,f
f148.wav,8,f
f149.wav,8,f
f150.wav,8,f
f151.wav,8,f
f152.wav,8,f
f153.wav,8,f
f154.wav,8,f
f155.wav,8,f
f156.wav,8,f
f157.wav,8,f
f158.wav,8,f
f159.wav,8,f
f160.wav,8,f
f161.wav,8,f
f162.wav,8,f
f163.wav,8,f
f164.wav,8,f
f165.wav,8,f
f166.wav,8,f
f167.wav,8,f
f168.wav,8,f
f169.wav,8,f
f170.wav,8,f
f171.wav,8,f
f172.wav,8,f
f173.wav,8,f
f174.wav,8,f
f175.wav,8,f
f176.wav,8,f
f177.wav,8,f
f178.wav,8,f
f179.wav,8,f
f180.wav,8,f
f181.wav,8,f
f182.wav,8,f
f183.wav,8,f
f184.wav,8,f
f185.wav,8,f
f186.wav,8,f
f187.wav,8,f
f188.wav,8,f
f189.wav,8,f
f190.wav,8,f
f191.wav,8,f
f192.wav,8,f
f193.wav,8,f
f194.wav,8,f
f195.wav,8,f
f196.wav,8,f
f197.wav,8,f
f198.wav,8,f
f199.wav,8,f
f200.wav,8,f
g1.wav,9,g
g2.wav,9,g
g3.wav,9,g
g4.wav,9,g
g5.wav,9,g
g6.wav,9,g
g7.wav,9,g
g8.wav,9,g
g9.wav,9,g
g10.wav,9,g
g11.wav,9,g
g12.wav,9,g
g13.wav,9,g
g14.wav,9,g
g15.wav,9,g
g16.wav,9,g
g17.wav,9,g
g18.wav,9,g
g19.wav,9,g
g20.wav,9,g
g21.wav,9,g
g22.wav,9,g
g23.wav,9,g
g24.wav,9,g
g25.wav,9,g
g26.wav,9,g
g27.wav,9,g
g28.wav,9,g
g29.wav,9,g
g30.wav,9,g
g31.wav,9,g
g32.wav,9,g
g33.wav,9,g
g34.wav,9,g
g35.wav,9,g
g36.wav,9,g
g37.wav,9,g
g38.wav,9,g
g39.wav,9,g
g40.wav,9,g
g41.wav,9,g
g42.wav,9,g
g43.wav,9,g
g44.wav,9,g
g45.wav,9,g
g46.wav,9,g
g47.wav,9,g
g48.wav,9,g
g49.wav,9,g
g50.wav,9,g
g51.wav,9,g
g52.wav,9,g
g53.wav,9,g
g54.wav,9,g
g55.wav,9,g
g56.wav,9,g
g57.wav,9,g
g58.wav,9,g
g59.wav,9,g
g60.wav,9,g
g61.wav,9,g
g62.wav,9,g
g63.wav,9,g
g64.wav,9,g
g65.wav,9,g
g66.wav,9,g
g67.wav,9,g
g68.wav,9,g
g69.wav,9,g
g70.wav,9,g
g71.wav,9,g
g72.wav,9,g
g73.wav,9,g
g74.wav,9,g
g75.wav,9,g
g76.wav,9,g
g77.wav,9,g
g78.wav,9,g
g79.wav,9,g
g80.wav,9,g
g81.wav,9,g
g82.wav,9,g
g83.wav,9,g
g84.wav,9,g
g85.wav,9,g
g86.wav,9,g
g87.wav,9,g
g88.wav,9,g
g89.wav,9,g
g90.wav,9,g
g91.wav,9,g
g92.wav,9,g
g93.wav,9,g
g94.wav,9,g
g95.wav,9,g
g96.wav,9,g
g97.wav,9,g
g98.wav,9,g
g99.wav,9,g
g100.wav,9,g
g101.wav,9,g
g102.wav,9,g
g103.wav,9,g
g104.wav,9,g
g105.wav,9,g
g106.wav,9,g
g107.wav,9,g
g108.wav,9,g
g109.wav,9,g
g110.wav,9,g
g111.wav,9,g
g112.wav,9,g
g113.wav,9,g
g114.wav,9,g
g115.wav,9,g
g116.wav,9,g
g117.wav,9,g
g118.wav,9,g
g119.wav,9,g
g120.wav,9,g
g121.wav,9,g
g122.wav,9,g
g123.wav,9,g
g124.wav,9,g
g125.wav,9,g
g126.wav,9,g
g127.wav,9,g
g128.wav,9,g
g129.wav,9,g
g130.wav,9,g
g131.wav,9,g
g132.wav,9,g
g133.wav,9,g
g134.wav,9,g
g135.wav,9,g
g136.wav,9,g
g137.wav,9,g
g138.wav,9,g
g139.wav,9,g
g140.wav,9,g
g141.wav,9,g
g142.wav,9,g
g143.wav,9,g
g144.wav,9,g
g145.wav,9,g
g146.wav,9,g
g147.wav,9,g
g148.wav,9,g
g149.wav,9,g
g150.wav,9,g
g151.wav,9,g
g152.wav,9,g
g153.wav,9,g
g154.wav,9,g
g155.wav,9,g
g156.wav,9,g
g157.wav,9,g
g158.wav,9,g
g159.wav,9,g
g160.wav,9,g
g161.wav,9,g
g162.wav,9,g
g163.wav,9,g
g164.wav,9,g
g165.wav,9,g
g166.wav,9,g
g167.wav,9,g
g168.wav,9,g
g169.wav,9,g
g170.wav,9,g
g171.wav,9,g
g172.wav,9,g
g173.wav,9,g
g174.wav,9,g
g175.wav,9,g
g176.wav,9,g
g177.wav,9,g
g178.wav,9,g
g179.wav,9,g
g180.wav,9,g
g181.wav,9,g
g182.wav,9,g
g183.wav,9,g
g184.wav,9,g
g185.wav,9,g
g186.wav,9,g
g187.wav,9,g
g188.wav,9,g
g189.wav,9,g
g190.wav,9,g
g191.wav,9,g
g192.wav,9,g
g193.wav,9,g
g194.wav,9,g
g195.wav,9,g
g196.wav,9,g
g197.wav,9,g
g198.wav,9,g
g199.wav,9,g
g200.wav,9,g
